prod»¦«Sep»¦«Remove»¦«1»¦«Angelica»¦«Angelica keiskei»¦«Herbs and Spices»¦«Herbs»¦«01010061»¦«4777aa7f8e063dd10cd3801c2bb5255d245f07af»¦«Karan Antham»¦«Thu, 22 Sep 2022 22:05:14 +0200»¦«Update data.csv.
prod»¦«Sep»¦«Remove»¦«2»¦«Savoy cabbage»¦«Brassica oleracea var. sabauda»¦«Vegetables»¦«Cabbages»¦«1101006»¦«4777aa7f8e063dd10cd3801c2bb5255d245f07af»¦«Karan Antham»¦«Thu, 22 Sep 2022 22:05:14 +0200»¦«Update data.csv.
prod»¦«Sep»¦«Remove»¦«3»¦«Silver linden»¦«Tilia argentea»¦«Herbs and Spices»¦«Herbs»¦«2101006131»¦«4777aa7f8e063dd10cd3801c2bb5255d245f07af»¦«Karan Antham»¦«Thu, 22 Sep 2022 22:05:14 +0200»¦«Update data.csv.
prod»¦«Sep»¦«Remove»¦«4»¦«Kiwi»¦«Actinidia chinensis»¦«Fruits»¦«Tropical fruits»¦«3101006s»¦«4777aa7f8e063dd10cd3801c2bb5255d245f07af»¦«Karan Antham»¦«Thu, 22 Sep 2022 22:05:14 +0200»¦«Update data.csv.
prod»¦«Sep»¦«Remove»¦«5»¦«Allium (Onion)»¦«Allium»¦«Vegetables»¦«Onion-family vegetables»¦«4101006»¦«4777aa7f8e063dd10cd3801c2bb5255d245f07af»¦«Karan Antham»¦«Thu, 22 Sep 2022 22:05:14 +0200»¦«Update data.csv.
prod»¦«Sep»¦«Remove»¦«6»¦«Garden onion»¦«Allium cepa»¦«Vegetables»¦«Onion-family vegetables»¦«5101006»¦«4777aa7f8e063dd10cd3801c2bb5255d245f07af»¦«Karan Antham»¦«Thu, 22 Sep 2022 22:05:14 +0200»¦«Update data.csv.
prod»¦«Sep»¦«Remove»¦«7»¦«Leek»¦«Allium porrum»¦«Vegetables»¦«Onion-family vegetables»¦«6101006»¦«4777aa7f8e063dd10cd3801c2bb5255d245f07af»¦«Karan Antham»¦«Thu, 22 Sep 2022 22:05:14 +0200»¦«Update data.csv.
prod»¦«Sep»¦«Remove»¦«8»¦«Garlic»¦«Allium sativum»¦«Herbs and Spices»¦«Herbs»¦«7101006»¦«4777aa7f8e063dd10cd3801c2bb5255d245f07af»¦«Karan Antham»¦«Thu, 22 Sep 2022 22:05:14 +0200»¦«Update data.csv.
prod»¦«Sep»¦«Remove»¦«9»¦«Chives»¦«Allium schoenoprasum»¦«Herbs and Spices»¦«Herbs»¦«8101006»¦«4777aa7f8e063dd10cd3801c2bb5255d245f07af»¦«Karan Antham»¦«Thu, 22 Sep 2022 22:05:14 +0200»¦«Update data.csv.
prod»¦«Sep»¦«Add»¦«+1»¦«Angelica»¦«Angelica keiskei»¦«Herbs and Spices»¦«Herbs»¦«01010061»¦«sweden»¦«4777aa7f8e063dd10cd3801c2bb5255d245f07af»¦«Karan Antham»¦«Thu, 22 Sep 2022 22:05:14 +0200»¦«Update data.csv.
prod»¦«Sep»¦«Add»¦«+2»¦«Savoy cabbage»¦«Brassica oleracea var. sabauda»¦«Vegetables»¦«Cabbages»¦«1101006»¦«sweden»¦«4777aa7f8e063dd10cd3801c2bb5255d245f07af»¦«Karan Antham»¦«Thu, 22 Sep 2022 22:05:14 +0200»¦«Update data.csv.
prod»¦«Sep»¦«Add»¦«+3»¦«Silver linden»¦«Tilia argentea»¦«Herbs and Spices»¦«Herbs»¦«2101006131»¦«denmark»¦«4777aa7f8e063dd10cd3801c2bb5255d245f07af»¦«Karan Antham»¦«Thu, 22 Sep 2022 22:05:14 +0200»¦«Update data.csv.
prod»¦«Sep»¦«Add»¦«+4»¦«Kiwi»¦«Actinidia chinensis»¦«Fruits»¦«Tropical fruits»¦«3101006s»¦«denmark»¦«4777aa7f8e063dd10cd3801c2bb5255d245f07af»¦«Karan Antham»¦«Thu, 22 Sep 2022 22:05:14 +0200»¦«Update data.csv.
prod»¦«Sep»¦«Add»¦«+5»¦«Allium (Onion)»¦«Allium»¦«Vegetables»¦«Onion-family vegetables»¦«4101006»¦«denmark»¦«4777aa7f8e063dd10cd3801c2bb5255d245f07af»¦«Karan Antham»¦«Thu, 22 Sep 2022 22:05:14 +0200»¦«Update data.csv.
prod»¦«Sep»¦«Add»¦«+6»¦«Garden onion»¦«Allium cepa»¦«Vegetables»¦«Onion-family vegetables»¦«5101006»¦«sweden»¦«4777aa7f8e063dd10cd3801c2bb5255d245f07af»¦«Karan Antham»¦«Thu, 22 Sep 2022 22:05:14 +0200»¦«Update data.csv.
prod»¦«Sep»¦«Add»¦«+7»¦«Leek»¦«Allium porrum»¦«Vegetables»¦«Onion-family vegetables»¦«6101006»¦«denmark»¦«4777aa7f8e063dd10cd3801c2bb5255d245f07af»¦«Karan Antham»¦«Thu, 22 Sep 2022 22:05:14 +0200»¦«Update data.csv.
prod»¦«Sep»¦«Add»¦«+8»¦«Garlic»¦«Allium sativum»¦«Herbs and Spices»¦«Herbs»¦«7101006»¦«sweden»¦«4777aa7f8e063dd10cd3801c2bb5255d245f07af»¦«Karan Antham»¦«Thu, 22 Sep 2022 22:05:14 +0200»¦«Update data.csv.
prod»¦«Sep»¦«Add»¦«+9»¦«Chives»¦«Allium schoenoprasum»¦«Herbs and Spices»¦«Herbs»¦«8101006»¦«denmark»¦«4777aa7f8e063dd10cd3801c2bb5255d245f07af»¦«Karan Antham»¦«Thu, 22 Sep 2022 22:05:14 +0200»¦«Update data.csv.
prod»¦«Sep»¦«Add»¦«+1»¦«Angelica»¦«Angelica keiskei»¦«Herbs and Spices»¦«Herbs»¦«01010061»¦«1ecc1d3796f3e6e8d11a83b80a1f80dd61ecc7f6»¦«Karunakar Antham»¦«Fri, 9 Sep 2022 13:33:58 +0200»¦«sa.
prod»¦«Sep»¦«Add»¦«+2»¦«Savoy cabbage»¦«Brassica oleracea var. sabauda»¦«Vegetables»¦«Cabbages»¦«1101006»¦«1ecc1d3796f3e6e8d11a83b80a1f80dd61ecc7f6»¦«Karunakar Antham»¦«Fri, 9 Sep 2022 13:33:58 +0200»¦«sa.
prod»¦«Sep»¦«Add»¦«+3»¦«Silver linden»¦«Tilia argentea»¦«Herbs and Spices»¦«Herbs»¦«2101006131»¦«1ecc1d3796f3e6e8d11a83b80a1f80dd61ecc7f6»¦«Karunakar Antham»¦«Fri, 9 Sep 2022 13:33:58 +0200»¦«sa.
prod»¦«Sep»¦«Add»¦«+4»¦«Kiwi»¦«Actinidia chinensis»¦«Fruits»¦«Tropical fruits»¦«3101006s»¦«1ecc1d3796f3e6e8d11a83b80a1f80dd61ecc7f6»¦«Karunakar Antham»¦«Fri, 9 Sep 2022 13:33:58 +0200»¦«sa.
prod»¦«Sep»¦«Add»¦«+5»¦«Allium (Onion)»¦«Allium»¦«Vegetables»¦«Onion-family vegetables»¦«4101006»¦«1ecc1d3796f3e6e8d11a83b80a1f80dd61ecc7f6»¦«Karunakar Antham»¦«Fri, 9 Sep 2022 13:33:58 +0200»¦«sa.
prod»¦«Sep»¦«Add»¦«+6»¦«Garden onion»¦«Allium cepa»¦«Vegetables»¦«Onion-family vegetables»¦«5101006»¦«1ecc1d3796f3e6e8d11a83b80a1f80dd61ecc7f6»¦«Karunakar Antham»¦«Fri, 9 Sep 2022 13:33:58 +0200»¦«sa.
prod»¦«Sep»¦«Add»¦«+7»¦«Leek»¦«Allium porrum»¦«Vegetables»¦«Onion-family vegetables»¦«6101006»¦«1ecc1d3796f3e6e8d11a83b80a1f80dd61ecc7f6»¦«Karunakar Antham»¦«Fri, 9 Sep 2022 13:33:58 +0200»¦«sa.
prod»¦«Sep»¦«Add»¦«+8»¦«Garlic»¦«Allium sativum»¦«Herbs and Spices»¦«Herbs»¦«7101006»¦«1ecc1d3796f3e6e8d11a83b80a1f80dd61ecc7f6»¦«Karunakar Antham»¦«Fri, 9 Sep 2022 13:33:58 +0200»¦«sa.
prod»¦«Sep»¦«Add»¦«+9»¦«Chives»¦«Allium schoenoprasum»¦«Herbs and Spices»¦«Herbs»¦«8101006»¦«1ecc1d3796f3e6e8d11a83b80a1f80dd61ecc7f6»¦«Karunakar Antham»¦«Fri, 9 Sep 2022 13:33:58 +0200»¦«sa.
